,City,Cloudiness,Country,Date,Humidity,Lat,Lng,Max Temp,Wind Speed
0,Kondoa,28,TZ,1573863365,81,-4.91,35.78,66.27,9.1
1,Port Elizabeth,1,US,1573863365,48,39.31,-74.98,46.4,4.7
2,Champerico,75,MX,1573863365,73,16.38,-93.6,73.4,16.11
3,Souillac,90,FR,1573863365,93,45.6,-0.6,43.0,6.93
4,Bluff,0,AU,1573863365,35,-23.58,149.07,86.04,10.18
5,Salalah,0,OM,1573863366,65,17.01,54.1,77.0,2.24
6,Namwala,100,ZM,1573863366,87,-15.75,26.45,68.77,4.94
7,Nyimba,100,ZM,1573863366,70,-14.56,30.81,76.68,3.4
8,Ocala,90,US,1573863186,100,29.19,-82.14,60.01,6.93
9,Busselton,64,AU,1573863366,53,-33.64,115.35,77.0,7.0
10,Abha,20,SA,1573863366,76,18.22,42.5,59.0,3.36
11,Aden,19,YE,1573863367,74,12.79,45.03,77.04,10.13
12,Flinders,90,AU,1573863367,67,-34.58,150.85,73.0,8.05
13,Hermanus,92,ZA,1573863367,91,-34.42,19.24,66.99,26.82
14,Thompson,90,CA,1573863207,71,55.74,-97.86,5.0,3.36
15,Jamestown,41,AU,1573863367,34,-33.21,138.6,64.83,3.36
16,Carnarvon,0,ZA,1573863367,37,-30.97,22.13,63.5,11.34
17,Barrow,64,AR,1573863214,44,-38.31,-60.23,71.11,2.64
18,Rikitea,100,PF,1573863367,82,-23.12,-134.97,73.56,20.15
19,Jian,0,IN,1573863368,70,25.65,87.89,69.08,5.7
20,Torbay,50,CA,1573863103,80,47.66,-52.73,37.99,1.01
21,Saint George,3,GR,1573863103,93,39.45,22.34,50.0,5.82
22,Plouzane,85,FR,1573863165,87,48.38,-4.62,48.99,12.75
23,Ushuaia,40,AR,1573863206,76,-54.81,-68.31,48.2,3.29
24,Yellowknife,90,CA,1573863368,85,62.45,-114.38,12.2,6.93
25,Ankang,82,CN,1573863368,77,32.73,108.99,51.26,1.12
26,Yuli,100,CN,1573863368,92,24.82,106.77,61.65,2.15
27,Vaini,0,IN,1573863262,97,15.34,74.49,66.34,5.68
28,Todos Santos,5,MX,1573863369,50,23.45,-110.23,80.01,11.41
29,Albany,90,US,1573863369,60,42.65,-73.75,41.0,11.41
30,Kapaa,75,US,1573863369,74,22.08,-159.32,82.4,5.82
31,Andra,100,RU,1573863369,95,62.52,65.89,20.17,8.79
32,Port Alfred,45,ZA,1573863369,94,-33.59,26.89,61.0,2.62
33,Lagoa,17,PT,1573863369,66,37.14,-8.45,51.01,10.29
34,Kaitangata,100,NZ,1573863370,84,-46.28,169.85,54.0,8.99
35,Klaksvik,100,FO,1573863370,69,62.23,-6.59,37.4,12.75
36,Ponta do Sol,100,BR,1573863370,91,-20.63,-46.0,65.17,1.74
37,Khatanga,90,RU,1573863370,97,71.98,102.47,-13.58,5.12
38,Tura,43,RU,1573863370,100,64.27,100.22,-29.61,0.78
39,Ahipara,1,NZ,1573863370,85,-35.17,173.16,62.74,12.86
40,Huaicheng,22,CN,1573863370,65,23.91,112.19,64.67,1.72
41,Pevek,0,RU,1573863107,56,69.7,170.27,7.72,2.37
42,East London,59,ZA,1573863371,84,-33.02,27.91,68.23,3.2
43,Georgetown,20,GY,1573863071,79,6.8,-58.16,84.2,6.93
44,Khandyga,0,RU,1573863371,96,62.65,135.58,-14.8,2.46
45,Biella,90,IT,1573863371,100,45.57,8.05,45.0,1.12
46,Dikson,0,RU,1573863371,91,73.51,80.55,-1.53,6.85
47,Faanui,72,PF,1573863288,81,-16.48,-151.75,79.57,17.16
48,Kodiak,1,US,1573863372,48,39.95,-94.76,50.0,8.05
49,Saint-Philippe,40,CA,1573863204,63,45.36,-73.48,32.0,10.29
50,Bredasdorp,63,ZA,1573863372,88,-34.53,20.04,64.4,2.24
51,Lata,100,IN,1573863372,56,30.78,78.62,25.56,2.17
52,Sorong,3,ID,1573863372,74,-0.86,131.25,83.41,2.08
53,Yulara,0,AU,1573863372,14,-25.24,130.99,80.6,17.22
54,Ilulissat,100,GL,1573863373,86,69.22,-51.1,28.4,12.75
55,Colares,20,PT,1573863373,81,38.8,-9.45,50.0,3.36
56,Arraial do Cabo,90,BR,1573863098,83,-22.97,-42.02,71.6,17.22
57,Svetlaya,66,RU,1573863373,48,46.54,138.33,18.05,13.58
58,Lorengau,9,PG,1573863373,71,-2.02,147.27,84.52,7.4
59,Marquette,5,US,1573863373,79,46.54,-87.4,24.8,8.05
60,Lavrentiya,51,RU,1573863373,76,65.58,-170.99,25.99,24.2
61,Tam Ky,75,VN,1573863373,100,15.57,108.48,73.4,1.12
62,Port Lincoln,49,AU,1573863117,54,-34.72,135.86,58.89,8.77
63,Marana,1,US,1573863374,10,32.44,-111.22,80.6,4.63
64,Atuona,16,PF,1573863374,76,-9.8,-139.03,80.04,15.12
65,Katsuura,20,JP,1573863374,61,33.93,134.5,57.2,10.29
66,Saldanha,98,PT,1573863374,90,41.42,-6.55,36.52,3.91
67,Lensk,100,RU,1573863374,95,60.71,114.91,-14.3,4.54
68,Bowen,60,AU,1573863374,51,-20.01,148.25,84.0,4.7
69,Qaanaaq,100,GL,1573863199,76,77.48,-69.36,13.26,10.8
70,New Norfolk,75,AU,1573863208,37,-42.78,147.06,55.99,26.4
71,Mabaruma,17,GY,1573863375,94,8.2,-59.78,74.95,3.11
72,Young,0,UY,1573863375,50,-32.7,-57.63,78.01,1.99
73,Isangel,75,VU,1573863287,58,-19.55,169.27,84.2,11.41
74,Goure,40,NE,1573863375,18,13.98,10.27,81.0,5.01
75,Faya,20,SA,1573863332,76,18.39,42.45,59.0,3.36
76,Boysun,98,UZ,1573863376,60,38.2,67.2,43.56,0.43
77,Chadan,0,RU,1573863376,67,51.29,91.58,-8.45,5.53
78,Husavik,69,CA,1573863275,66,50.56,-96.99,24.01,5.01
79,Mitsamiouli,57,KM,1573863376,83,-11.38,43.28,79.99,7.29
80,Stephenville,90,CA,1573863376,81,48.55,-58.59,44.01,29.97
81,Thaba-Tseka,0,LS,1573863376,88,-29.52,28.61,44.78,0.72
82,Norman Wells,90,CA,1573863096,76,65.28,-126.83,-4.0,17.22
83,Phangnga,20,TH,1573863377,94,8.45,98.53,73.4,3.58
84,Chuy,5,UY,1573863377,90,-33.69,-53.46,58.66,4.81
85,Fez,75,MA,1573863377,100,34.03,-5.02,41.0,11.41
86,Duvan,85,RU,1573863377,87,55.69,57.9,28.26,13.67
87,Hofn,83,IS,1573863377,65,64.25,-15.21,44.55,26.91
88,Port Pirie,90,AU,1573863377,55,-33.18,138.01,62.6,12.75
89,Cabo San Lucas,5,MX,1573863281,50,22.89,-109.91,80.01,11.41
90,Beech Grove,1,US,1573863188,86,39.72,-86.09,39.2,9.17
91,Songjianghe,54,CN,1573863378,69,42.18,127.48,17.94,3.44
92,Tuktoyaktuk,90,CA,1573863102,76,69.44,-133.03,-4.0,8.05
93,Chalakudi,75,IN,1573863378,94,10.3,76.34,78.8,4.7
94,Cedar City,1,US,1573863377,24,37.68,-113.06,60.01,9.17
95,Mahebourg,75,MU,1573863379,69,-20.41,57.7,75.2,12.75
96,Hilo,90,US,1573863200,62,19.71,-155.08,84.2,9.17
97,Kalakamati,71,BW,1573863379,52,-20.59,27.31,68.41,6.96
98,Murray Bridge,33,AU,1573863379,53,-35.12,139.28,66.0,1.99
99,Tasiilaq,66,GL,1573863214,65,65.61,-37.64,32.0,10.29
100,Cape Town,20,ZA,1573863119,77,-33.93,18.42,64.99,18.34
101,Oussouye,100,SN,1573863379,74,12.49,-16.54,78.8,2.24
102,Novyy Urengoy,100,RU,1573863380,93,66.08,76.63,-7.53,18.77
103,Mount Gambier,90,AU,1573863380,71,-37.83,140.78,53.6,11.41
104,Basak,90,PH,1573863380,78,10.29,123.96,82.4,6.93
105,Namibe,3,AO,1573863346,78,-15.19,12.15,71.46,15.57
106,Taksimo,100,RU,1573863380,83,56.36,114.84,-18.06,1.63
107,Raybag,5,IN,1573863380,92,16.48,74.78,68.99,6.93
108,Mataura,80,NZ,1573863380,90,-46.19,168.86,52.0,3.0
109,Lompoc,75,US,1573863233,72,34.64,-120.46,68.0,4.7
110,Meadow Lake,90,CA,1573863381,79,54.13,-108.44,26.6,2.44
111,San Cristobal,52,HN,1573863381,90,14.68,-86.92,68.23,4.81
112,Punta Arenas,40,CL,1573863213,54,-53.16,-70.91,53.6,14.99
113,Ayagoz,99,KZ,1573863381,91,47.96,80.43,-1.75,10.29
114,Rio Branco,75,BR,1573863381,100,-9.98,-67.82,71.6,4.7
115,Nuuk,100,GL,1573863102,79,64.17,-51.74,28.4,16.11
116,Santa Cruz de Tenerife,75,ES,1573863382,87,28.47,-16.25,68.0,11.41
117,Ordzhonikidze,20,UA,1573863382,63,44.96,35.36,53.98,9.78
118,Kununurra,54,AU,1573863382,66,-15.77,128.74,86.0,1.12
119,Batemans Bay,96,AU,1573863382,59,-35.71,150.18,64.99,5.99
120,Ciudad Guayana,25,VE,1573863382,91,8.32,-62.69,75.6,3.83
121,Kutum,5,SD,1573863379,37,14.2,24.66,69.91,7.49
122,Berkakit,100,RU,1573863382,95,56.58,124.77,-15.45,17.67
123,Monrovia,91,LR,1573863382,82,6.33,-10.8,79.72,6.78
124,Sondrio,90,IT,1573863382,100,46.17,9.88,45.0,3.24
125,Clyde River,75,CA,1573863104,67,70.47,-68.59,19.4,11.41
126,Kavieng,29,PG,1573863383,70,-2.57,150.8,84.38,6.89
127,San Quintin,100,PH,1573863383,78,17.54,120.52,77.0,4.56
128,Myatlevo,100,RU,1573863383,92,54.9,35.68,30.2,11.18
129,Airai,65,TL,1573863383,25,-8.93,125.41,82.53,8.23
130,Saskylakh,83,RU,1573863383,96,71.97,114.09,-13.07,6.91
131,Tarata,86,PE,1573863383,72,-17.47,-70.03,62.6,6.93
132,Shurugwi,71,ZW,1573863383,83,-19.67,30.0,65.86,4.79
133,Pimentel,17,BR,1573863384,70,-3.7,-45.5,79.93,6.02
134,Mar del Plata,0,AR,1573863384,23,-46.43,-67.52,63.0,28.05
135,Narsaq,40,GL,1573863384,58,60.91,-46.05,24.8,10.29
136,Kunya,69,NG,1573863384,25,12.22,8.53,79.2,3.65
137,Aksu,2,KZ,1573863384,83,52.04,76.93,-5.8,6.71
138,Sao Filipe,74,CV,1573863099,78,14.9,-24.5,72.23,11.74
139,Bethel,40,US,1573863384,66,60.79,-161.76,15.8,21.92
140,Grindavik,40,IS,1573863384,74,63.84,-22.43,35.6,13.87
141,Maragogi,38,BR,1573863385,79,-9.01,-35.22,78.64,16.28
142,Avarua,27,CK,1573863385,74,-21.21,-159.78,80.6,13.87
143,Benguela,86,AO,1573863385,77,-12.58,13.4,76.68,2.98
144,Pirapo,0,PY,1573863385,61,-26.85,-55.53,64.51,3.51
145,Tiksi,24,RU,1573863385,98,71.64,128.87,-8.57,2.59
146,Kudahuvadhoo,100,MV,1573863385,72,2.67,72.89,82.35,2.93
147,Soe,90,EE,1573863385,100,57.91,26.05,39.99,6.93
148,Skibbereen,20,IE,1573863386,63,51.55,-9.27,35.6,11.41
149,Mount Isa,9,AU,1573863386,10,-20.73,139.49,91.4,17.22
150,Butaritari,100,KI,1573863098,71,3.07,172.79,82.49,3.18
151,Westport,1,US,1573863386,45,41.14,-73.36,48.99,13.98
152,Strezhevoy,94,RU,1573863386,83,60.73,77.6,-5.8,8.95
153,Mayo,90,CA,1573863386,71,63.59,-135.9,3.2,9.17
154,Hobart,75,AU,1573863223,37,-42.88,147.33,55.99,26.4
155,Nome,1,US,1573863387,66,30.04,-94.42,55.0,3.36
156,Nerchinskiy Zavod,0,RU,1573863387,63,51.31,119.61,-5.06,4.07
157,Hambantota,35,LK,1573863387,81,6.12,81.12,80.2,9.42
158,Shadrinsk,100,RU,1573863387,90,56.09,63.63,24.73,12.95
159,Maniitsoq,100,GL,1573863096,91,65.42,-52.9,28.47,12.01
160,Hun,68,BE,1573863387,92,50.34,4.87,37.4,5.82
161,Enshi,77,CN,1573863387,84,30.29,109.48,51.42,1.25
162,Baruun-Urt,100,MN,1573863388,75,46.68,113.28,12.11,7.9
163,Worland,1,US,1573863388,74,44.02,-107.96,44.6,1.5
164,Bud,28,NO,1573863388,74,62.91,6.91,33.8,8.05
165,Simplicio Mendes,55,BR,1573863388,33,-7.85,-41.91,83.25,2.75
166,Evensk,58,RU,1573863388,71,61.92,159.24,16.29,11.81
167,Neuquen,51,AR,1573863155,26,-38.95,-68.06,80.6,19.46
168,Castro,98,CL,1573863388,81,-42.48,-73.76,53.6,9.17
169,Naliya,0,IN,1573863388,72,23.26,68.83,72.46,3.71
170,Pozega,100,RS,1573863389,54,43.85,20.05,57.2,4.7
171,Iglesias,20,ES,1573863389,95,42.3,-3.99,35.01,5.23
172,Lakhisarai,0,IN,1573863389,64,25.18,86.09,64.85,5.08
173,Filadelfia,2,PY,1573863389,29,-22.35,-60.04,84.11,8.79
174,Kenai,90,US,1573863217,74,60.55,-151.26,39.0,17.22
175,Shingu,0,JP,1573863389,58,33.72,135.99,57.2,4.7
176,Rocha,0,UY,1573863389,91,-34.48,-54.34,54.19,3.13
177,Porto Novo,75,BR,1573863290,82,-23.68,-45.44,64.4,2.24
178,Brylivka,52,UA,1573863390,99,46.42,33.15,44.01,6.33
179,Oriximina,99,BR,1573863390,75,-1.77,-55.87,81.79,5.12
180,Hithadhoo,59,MV,1573863390,74,-0.6,73.08,82.74,9.44
181,Nanortalik,75,GL,1573863390,69,60.14,-45.24,32.07,15.93
182,Ambilobe,53,MG,1573863390,80,-13.19,49.05,77.58,8.25
183,Yumen,48,CN,1573863390,36,40.29,97.04,32.7,19.26
184,Chicago,1,US,1573863391,69,41.88,-87.62,37.4,13.06
185,Hamilton,75,CA,1573863314,92,43.26,-79.87,37.4,9.17
186,Miri,34,NG,1573863391,31,10.31,9.75,75.69,5.28
187,Tual,96,ID,1573863391,72,-5.67,132.75,82.44,2.19
188,Missoula,90,US,1573863337,86,46.87,-114.0,39.0,6.67
189,Luderitz,33,NA,1573863280,87,-26.65,15.16,60.8,13.87
190,Crucea,90,RO,1573863391,100,47.35,25.61,46.99,5.82
191,Puerto Ayora,75,EC,1573863273,69,-0.74,-90.35,75.2,8.05
192,Fairbanks,90,US,1573863099,55,64.84,-147.72,6.8,9.17
193,Ribeira Grande,84,PT,1573863392,69,38.52,-28.7,58.8,4.38
194,Kahului,40,US,1573863181,58,20.89,-156.47,87.8,11.41
195,Opuwo,62,NA,1573863392,24,-18.06,13.84,70.32,6.26
196,Kangaba,62,ML,1573863392,30,11.94,-8.41,78.13,2.53
197,Rio Gallegos,40,AR,1573863133,51,-51.62,-69.22,59.0,12.75
198,Nikolskoye,75,RU,1573863393,80,59.7,30.79,39.2,8.95
199,Koumac,0,NC,1573863393,41,-20.56,164.28,83.16,6.96
200,Esperance,92,AU,1573863393,72,-33.86,121.89,60.8,11.41
201,Dong Xoai,89,VN,1573863126,92,11.53,106.92,72.88,1.97
202,Acari,30,BR,1573863393,82,-6.44,-36.64,69.84,21.68
203,Quelimane,75,MZ,1573863393,88,-17.88,36.89,80.6,3.36
204,Grand Gaube,75,MU,1573863393,69,-20.01,57.66,75.2,12.75
205,Kangaatsiaq,100,GL,1573863393,76,68.31,-53.46,30.87,25.46
206,Yenagoa,100,NG,1573863394,94,4.92,6.26,76.15,3.31
207,Victoria,75,BN,1573863111,94,5.28,115.24,78.8,4.94
208,Awjilah,26,LY,1573863394,43,29.14,21.3,58.6,7.67
209,Jalu,26,LY,1573863394,43,29.03,21.55,58.6,7.67
210,Ulladulla,90,AU,1573863394,67,-35.36,150.48,64.99,8.05
211,Necochea,93,AR,1573863394,66,-38.55,-58.74,73.0,11.01
212,Buenos Aires,33,AR,1573863394,65,-34.61,-58.44,79.0,9.17
213,Bambous Virieux,75,MU,1573863223,69,-20.34,57.76,75.2,12.75
214,Longyearbyen,75,NO,1573863105,64,78.22,15.63,33.8,20.8
215,Barra da Estiva,100,BR,1573863395,58,-13.63,-41.33,71.19,3.71
216,Ancona,1,US,1573863395,74,41.04,-88.87,36.0,4.7
217,Hami,98,CN,1573863131,38,42.84,93.51,32.02,13.13
218,Kremenki,50,RU,1573863395,100,54.51,48.87,24.8,8.41
219,Along,2,IN,1573863395,88,28.17,94.8,58.91,3.29
220,Iqaluit,90,CA,1573863212,57,63.75,-68.52,19.4,8.05
221,Marsa Matruh,0,EG,1573863396,63,31.35,27.25,71.42,11.83
222,Key West,90,US,1573863396,55,47.93,-96.78,33.8,10.29
223,Chaiya,71,IN,1573863396,61,29.28,74.48,68.05,5.64
224,Kirakira,100,SB,1573863396,91,-10.46,161.92,76.39,9.69
225,Geraldton,5,CA,1573863108,59,49.72,-86.95,1.4,2.24
226,Saint-Leu,100,RE,1573863397,83,-21.15,55.28,73.4,3.36
227,Bismarck,90,US,1573863339,86,46.81,-100.78,33.8,12.75
228,Charters Towers,21,AU,1573863397,33,-20.07,146.27,87.8,9.69
229,Tsabong,0,BW,1573863397,17,-26.02,22.4,67.78,7.11
230,Niamey,50,NE,1573863397,20,13.52,2.11,82.4,7.43
231,Dunedin,96,NZ,1573863397,39,-45.87,170.5,70.0,8.01
232,Ereymentau,3,KZ,1573863398,59,51.62,73.1,2.48,6.67
233,Ostrovnoy,65,RU,1573863398,88,68.05,39.51,23.5,20.22
234,Henties Bay,25,NA,1573863398,91,-22.12,14.28,60.01,5.01
235,Atambua,0,ID,1573863398,50,-9.11,124.89,85.86,1.83
236,Mercedes,0,UY,1573863398,54,-33.25,-58.03,73.0,3.0
237,Cayenne,20,GF,1573863399,88,4.94,-52.33,77.0,6.38
238,Saint Marys,90,US,1573863399,92,41.43,-78.56,33.8,6.93
239,Adrar,0,DZ,1573863399,24,27.87,-0.29,68.0,11.41
240,Naze,100,NG,1573863399,95,5.43,7.07,75.36,3.65
241,San Felipe,0,CL,1573863399,37,-32.75,-70.73,62.11,4.92
242,Nouadhibou,24,MR,1573863399,72,20.93,-17.03,68.0,19.46
243,Calabozo,45,VE,1573863109,79,8.92,-67.43,78.15,4.43
244,Barra Patuca,27,HN,1573863399,74,15.8,-84.28,82.94,11.97
245,Khani,0,GE,1573863400,50,41.96,42.96,55.4,23.04
246,Angoche,84,MZ,1573863400,76,-16.23,39.91,78.28,3.44
247,Padang,97,ID,1573863400,92,-0.92,100.36,69.58,2.24
248,Nadym,100,RU,1573863400,94,65.53,72.51,4.62,22.7
249,Bonthe,100,SL,1573863400,85,7.53,-12.5,78.98,3.71
250,Upernavik,100,GL,1573863400,94,72.79,-56.15,23.13,10.98
251,Careiro da Varzea,20,BR,1573863401,83,-3.2,-59.81,80.6,3.36
252,Cherskiy,100,RU,1573863401,86,68.75,161.3,7.29,1.41
253,Paamiut,92,GL,1573863401,66,61.99,-49.67,30.33,8.16
254,Nishihara,20,JP,1573863401,66,35.74,139.53,57.99,1.12
255,Zinder,48,NE,1573863401,16,13.81,8.99,79.54,9.71
256,Palana,100,RU,1573863401,73,59.08,159.95,30.87,22.15
257,Media Luna,71,BO,1573863402,48,-21.67,-64.63,66.2,5.82
258,Kruisfontein,26,ZA,1573863203,92,-34.0,24.73,62.8,7.78
259,Char Bhadrasan,0,BD,1573863402,83,23.32,90.22,73.4,2.33
260,Wanaka,99,NZ,1573863402,77,-44.7,169.14,59.0,1.99
261,Coquimbo,20,CL,1573863402,87,-29.95,-71.34,59.0,6.93
262,Changtu,13,CN,1573863402,42,42.78,124.11,19.22,5.44
263,Lazaro Cardenas,5,MX,1573863134,54,28.39,-105.62,60.01,8.05
264,Wahiawa,75,US,1573863403,69,21.5,-158.02,86.0,8.05
265,Leningradskiy,0,RU,1573863403,86,69.38,178.42,17.87,12.28
266,Puerto Ayacucho,40,CO,1573863403,74,5.66,-67.63,84.2,2.17
267,Pilar do Sul,87,BR,1573863403,96,-23.81,-47.72,59.27,1.68
268,Cockburn Town,75,TC,1573863403,74,21.46,-71.14,80.6,5.82
269,Igarka,81,RU,1573863403,96,67.47,86.57,-23.62,8.68
270,Nalut,100,LY,1573863403,26,31.86,10.98,63.28,13.56
271,Grand-Santi,83,GF,1573863404,94,4.27,-54.38,73.89,2.77
272,Vryburg,0,ZA,1573863404,22,-26.96,24.73,67.05,5.95
273,Mahibadhoo,100,MV,1573863144,82,3.78,72.97,79.97,8.5
274,Kaeo,2,NZ,1573863404,56,-35.1,173.78,75.0,7.0
275,Labuhan,100,ID,1573863404,63,-2.54,115.51,81.39,0.92
276,Mahon,20,IE,1573863404,93,51.89,-8.4,37.0,11.41
277,Te Anau,100,NZ,1573863110,82,-45.41,167.72,49.51,8.5
278,Svetlogorsk,75,RU,1573863405,58,53.14,59.15,30.2,6.71
279,Severo-Kurilsk,68,RU,1573863405,72,50.68,156.12,24.98,9.06
280,Mandalgovi,86,MN,1573863131,32,45.76,106.27,28.26,16.6
281,Ibanesti,33,RO,1573863405,93,46.77,24.93,43.0,4.7
282,Sonoita,1,US,1573863405,24,31.68,-110.66,82.4,6.93
283,Maceio,20,BR,1573863111,83,-9.67,-35.74,75.2,5.82
284,Kihei,40,US,1573863405,58,20.76,-156.45,87.8,11.41
285,Belmonte,8,PT,1573863406,93,40.36,-7.35,42.01,4.34
286,Regeneracao,0,BR,1573863406,47,-6.24,-42.69,80.6,1.9
287,Florianopolis,38,BR,1573863340,60,-27.6,-48.55,72.0,9.17
288,Cardenas,20,MX,1573863406,37,27.62,-110.24,84.2,9.17
289,Montepuez,86,MZ,1573863406,60,-13.13,39.0,76.51,7.16
290,Saryg-Sep,94,RU,1573863406,88,51.49,95.55,-9.9,2.64
291,Lebu,75,ET,1573863406,71,8.96,38.73,55.4,3.36
292,Ossora,100,RU,1573863406,81,59.24,163.07,33.37,29.35
293,Yakeshi,0,CN,1573863407,87,49.28,120.73,-3.8,7.27
294,Qaqortoq,40,GL,1573863407,58,60.72,-46.03,24.8,10.29
295,Sibolga,99,ID,1573863407,94,1.74,98.78,71.53,1.79
296,Preobrazheniye,0,RU,1573863407,33,42.9,133.91,23.27,17.74
297,Camacha,75,PT,1573863407,72,33.08,-16.33,62.6,16.11
298,Pangnirtung,90,CA,1573863407,67,66.15,-65.72,21.2,6.93
299,Rosetta,40,EG,1573863407,64,31.4,30.42,71.6,8.05
300,Talnakh,23,RU,1573863408,76,69.49,88.39,-11.2,4.47
301,Kyshtovka,69,RU,1573863408,93,56.56,76.62,-1.26,9.91
302,Mulege,88,MX,1573863408,48,26.88,-111.98,77.02,3.91
303,Karasburg,0,NA,1573863408,47,-28.01,18.75,65.88,7.87
304,Port-Cartier,90,CA,1573863408,100,50.03,-66.88,24.8,5.82
305,Morant Bay,75,JM,1573863408,61,17.88,-76.41,82.4,4.7
306,Agutaya,100,PH,1573863409,79,11.15,120.94,82.11,8.32
307,Kieta,20,PG,1573863409,70,-6.22,155.63,82.65,3.4
308,Bereda,40,ES,1573863409,87,43.27,-7.54,48.2,9.17
309,Banepa,40,NP,1573863409,100,27.63,85.52,53.6,3.36
310,Inta,100,RU,1573863409,96,66.04,60.13,31.8,24.58
311,Arco,63,US,1573863409,44,43.64,-113.3,45.73,9.93
312,Salvacion,40,PH,1573863410,79,14.63,120.99,84.2,1.12
313,Araxa,98,BR,1573863410,100,-19.59,-46.94,68.0,3.36
314,Vardo,5,US,1573863410,79,39.62,-77.74,42.8,5.41
315,The Valley,20,AI,1573863410,74,18.22,-63.06,81.0,4.7
316,Idenao,20,CM,1573863410,94,4.25,9.0,75.2,5.82
317,Fort Nelson,75,CA,1573863410,78,58.81,-122.69,10.4,4.7
318,Mayen,100,DE,1573863410,93,50.33,7.22,39.99,3.36
319,Sept-Iles,90,CA,1573863300,100,50.2,-66.38,24.8,5.82
320,Carbondale,1,US,1573863199,52,38.82,-95.69,50.0,9.17
321,Constitucion,5,MX,1573863411,39,23.99,-104.67,64.4,4.7
322,Am Timan,61,TD,1573863411,27,11.04,20.28,76.77,4.97
323,Maneromango,20,TZ,1573863411,88,-7.2,38.78,80.6,11.41
324,Hobyo,1,SO,1573863340,79,5.35,48.53,77.54,12.93
325,Bouna,47,CI,1573863412,54,9.27,-3.0,80.04,2.64
326,Kavaratti,53,IN,1573863412,74,10.57,72.64,81.54,9.91
327,Oranjemund,71,ZA,1573863412,90,-28.55,16.43,62.13,10.69
328,Brae,4,GB,1573863123,93,60.4,-1.35,41.0,3.36
329,Atbasar,20,KZ,1573863412,80,51.81,68.36,7.52,8.86
330,Tateyama,75,JP,1573863412,76,36.66,137.31,52.0,2.24
331,San Patricio,0,PY,1573863412,55,-26.98,-56.83,65.53,5.68
332,Teahupoo,20,PF,1573863412,66,-17.83,-149.27,84.2,11.41
333,Christiana,0,ZA,1573863413,37,-27.91,25.16,64.83,8.03
334,Jacareacanga,88,BR,1573863413,93,-6.22,-57.76,75.0,2.84
335,Tuatapere,100,NZ,1573863130,90,-46.13,167.69,52.0,3.0
336,Srednekolymsk,100,RU,1573863413,96,67.46,153.71,3.22,4.9
337,Vila Franca do Campo,75,PT,1573863120,63,37.72,-25.43,60.8,5.82
338,Gat,89,SN,1573863413,88,14.69,-16.54,73.4,4.7
339,Sao Felix do Xingu,74,BR,1573863414,73,-6.64,-51.99,77.25,1.32
340,Ullal,75,IN,1573863414,88,12.8,74.85,77.0,4.7
341,Shimodate,20,JP,1573863414,76,36.3,139.98,62.01,2.24
342,Porto Velho,75,BR,1573863118,83,-8.75,-63.87,77.0,2.24
343,Huilong,100,CN,1573863414,70,31.15,106.5,58.06,1.52
344,Qandala,0,SO,1573863414,71,11.47,49.87,75.4,3.22
345,Aguimes,75,ES,1573863414,77,27.91,-15.45,64.4,16.11
346,Neiafu,40,TO,1573863415,69,-18.65,-173.98,80.6,10.29
347,Ponta Delgada,75,PT,1573863415,63,37.73,-25.67,60.8,5.82
348,Port Hardy,90,CA,1573863118,93,50.7,-127.42,50.0,3.36
349,Kaabong,0,UG,1573863415,66,3.51,34.14,68.41,9.62
350,Rolla,1,US,1573863255,35,37.95,-91.77,42.8,3.36
351,Kaz,100,RU,1573863415,97,53.11,87.55,-6.32,1.68
352,Manggar,85,ID,1573863416,65,-2.88,108.27,83.12,5.21
353,Ornskoldsvik,100,SE,1573863416,92,63.29,18.72,19.4,2.42
354,Nanlong,54,CN,1573863416,76,31.35,106.05,56.97,1.39
355,Wakkanai,75,JP,1573863416,58,45.41,141.67,24.8,28.86
356,Taoudenni,60,ML,1573863416,19,22.68,-3.98,73.33,11.16
357,Pacifica,20,US,1573863288,72,37.61,-122.49,69.8,18.34
358,Tarkwa,9,GH,1573863417,95,5.31,-1.99,74.21,1.28
359,Hohhot,33,CN,1573863417,79,40.81,111.65,19.4,6.71
360,Waiouru,74,NZ,1573863417,53,-39.48,175.67,63.28,13.71
361,Puerto El Triunfo,40,SV,1573863417,83,13.27,-88.55,86.0,3.36
362,Kroya,88,ID,1573863417,52,-6.5,108.06,81.37,6.06
363,Cidreira,0,BR,1573863417,79,-30.17,-50.22,68.72,14.72
364,Sehithwa,73,BW,1573863418,13,-20.47,22.7,79.11,6.33
365,Ixtapa,75,MX,1573863418,74,20.71,-105.21,82.4,4.7
366,Kichera,24,RU,1573863418,76,55.93,110.1,-16.01,7.07
367,Meulaboh,93,ID,1573863418,80,4.14,96.13,79.65,7.81
368,Bahia Blanca,52,AR,1573863276,27,-38.72,-62.27,77.5,7.76
369,Royan,90,FR,1573863418,93,45.62,-1.03,46.99,6.93
370,Prince Rupert,75,CA,1573863418,87,54.32,-130.32,50.0,8.05
371,Nehe,0,CN,1573863418,28,48.48,124.88,8.85,9.57
372,Nanakuli,75,US,1573863419,69,21.39,-158.15,86.0,8.05
373,Nabire,76,ID,1573863419,63,-3.36,135.5,85.8,0.83
374,Aklavik,75,CA,1573863343,83,68.22,-135.01,-5.8,4.7
375,Turukhansk,91,RU,1573863419,94,65.8,87.96,-15.95,5.39
376,Sao Jose da Coroa Grande,38,BR,1573863419,79,-8.9,-35.15,78.64,16.28
377,Kishtwar,100,IN,1573863419,90,33.31,75.77,22.89,3.2
378,Mandali,0,IQ,1573863419,22,33.75,45.55,63.1,1.99
379,Saint-Pierre,0,FR,1573863408,94,48.95,4.24,37.99,10.29
380,Shorapani,0,GE,1573863420,50,42.1,43.08,55.4,23.04
381,Fortuna,90,US,1573863420,93,40.6,-124.16,61.0,10.29
382,Dalbandin,0,PK,1573863420,40,28.9,64.41,51.1,4.83
383,Pacific Grove,90,US,1573863179,77,36.62,-121.92,68.0,9.17
384,Kadoma,20,JP,1573863420,71,34.73,135.6,59.0,1.12
385,Lerwick,21,GB,1573863389,93,60.15,-1.15,41.0,3.36
386,Carlisle,3,GB,1573863420,93,54.89,-2.94,42.01,12.75
387,Dargaville,22,NZ,1573863270,58,-35.94,173.86,70.16,11.23
388,Karratha,18,AU,1573863127,58,-20.74,116.85,82.72,4.81
389,Mathbaria,2,BD,1573863421,86,22.29,89.96,66.9,4.03
390,Teya,75,MX,1573863421,83,21.05,-89.07,79.0,9.17
391,Vanimo,79,PG,1573863421,77,-2.67,141.3,81.82,5.37
392,Viedma,79,AR,1573863421,50,-40.81,-62.99,68.31,5.44
393,Inhambane,33,MZ,1573863421,78,-23.87,35.38,72.0,15.86
394,Yar-Sale,100,RU,1573863421,94,66.83,70.83,4.48,21.61
395,Redcliffe,58,AU,1573863422,49,-31.94,115.94,79.0,12.75
396,Endicott,90,US,1573863422,80,42.1,-76.05,37.99,10.29
397,Krasnyy Chikoy,99,RU,1573863422,87,50.36,108.75,3.27,6.02
398,Aykhal,90,RU,1573863422,75,65.95,111.51,-13.0,4.47
399,Bathsheba,20,BB,1573863264,83,13.22,-59.52,78.8,6.93
400,Sorland,79,NO,1573863422,72,67.67,12.69,44.53,25.68
401,Saran,0,KZ,1573863422,83,49.8,72.84,-4.0,6.71
402,Hargeysa,13,SO,1573863423,94,9.56,44.06,61.29,9.91
403,Eyl,0,SO,1573863423,77,7.98,49.82,78.55,20.09
404,Binzhou,53,CN,1573863423,78,37.38,117.96,48.0,4.68
405,Cabedelo,20,BR,1573863423,83,-6.97,-34.84,78.8,6.93
406,Oudtshoorn,3,ZA,1573863423,93,-33.59,22.2,64.4,4.7
407,Sydney,75,AU,1573863134,68,-33.85,151.22,75.0,14.99
408,Acolla,96,PE,1573863423,93,-11.73,-75.55,44.98,5.84
409,Revelstoke,90,CA,1573863424,100,50.99,-118.19,35.6,2.24
410,Moroni,20,GR,1573863424,87,35.09,24.92,61.0,6.93
411,Rosarito,75,CO,1573863424,100,4.91,-75.23,71.6,3.36
412,Olds,75,CA,1573863424,88,51.79,-114.11,46.99,4.7
413,Shuyskoye,100,RU,1573863424,91,59.37,41.03,30.78,3.36
414,Itarema,13,BR,1573863409,81,-2.92,-39.92,76.84,7.99
415,Orativ,0,UA,1573863424,91,49.19,29.53,42.98,6.38
416,Kiunga,86,PG,1573863424,62,-6.12,141.3,88.23,0.43
417,Luanda,75,AO,1573863425,78,-8.83,13.24,80.6,3.36
418,Bontang,64,ID,1573863425,82,0.12,117.47,79.9,5.23
419,Kadyy,100,RU,1573863425,86,57.79,43.19,31.93,6.17
420,Sioux Lookout,40,CA,1573863164,65,50.1,-91.92,15.8,3.36
421,Indiaroba,43,BR,1573863425,84,-11.53,-37.51,75.42,6.4
422,Laguna,40,BZ,1573863424,79,16.17,-88.94,84.2,4.79
423,Oranjestad,20,AW,1573863426,78,12.52,-70.03,82.4,11.41
424,Colac,90,AU,1573863426,76,-38.34,143.59,59.0,1.99
425,Berlevag,75,NO,1573863426,65,70.86,29.09,32.0,4.7
426,Cotonou,20,BJ,1573863426,83,6.37,2.43,82.4,6.93
427,El Tigre,74,VE,1573863426,74,8.89,-64.25,79.25,4.34
428,Davila,20,PH,1573863427,78,18.47,120.58,80.6,17.22
429,Mujiayingzi,0,CN,1573863427,37,42.12,118.78,20.46,0.72
430,Kungurtug,100,RU,1573863427,91,50.6,97.53,-7.8,6.2
431,Aborlan,40,PH,1573863427,78,9.44,118.55,80.6,6.93
432,Samarai,76,PG,1573863135,88,-10.62,150.67,78.73,7.81
433,Atar,84,MR,1573863427,20,20.52,-13.05,75.27,7.61
434,Delmas,20,HT,1573863428,74,18.55,-72.29,82.4,9.17
435,Ilhabela,72,BR,1573863428,84,-23.78,-45.36,71.94,10.33
436,Beloha,94,MG,1573863147,83,-25.17,45.06,72.48,7.63
437,Burnie,14,AU,1573863381,53,-41.05,145.91,57.99,13.0
438,Provideniya,100,RU,1573863428,93,64.42,-173.23,19.83,16.75
439,Warrnambool,100,AU,1573863428,42,-38.38,142.48,57.99,8.01
440,Abbeville,90,FR,1573863429,93,50.11,1.83,39.2,9.17
441,Filingue,54,NE,1573863429,14,14.35,3.32,82.51,5.55
442,Dhidhdhoo,78,MV,1573863429,74,6.88,73.1,82.96,7.29
443,Olhao,3,PT,1573863429,66,37.03,-7.84,51.01,10.29
444,Pisco,90,PE,1573863429,88,-13.71,-76.2,66.2,10.29
445,Celestun,78,MX,1573863429,80,20.87,-90.4,76.96,27.18
446,Bubaque,97,GW,1573863430,73,11.28,-15.83,82.85,12.17
447,Jacmel,20,HT,1573863430,74,18.24,-72.54,82.4,9.17
448,Port Macquarie,75,AU,1573863430,49,-31.43,152.91,80.01,11.41
449,Deputatskiy,77,RU,1573863295,99,69.3,139.9,-9.47,0.49
450,Mozelos,3,PT,1573863430,86,41.0,-8.56,43.0,3.36
451,Ljubinje,40,BA,1573863430,63,42.95,18.09,66.2,13.87
452,Birao,99,CF,1573863423,26,10.3,22.78,76.26,8.57
453,San Andres,100,PH,1573863240,80,13.32,122.68,80.28,5.75
454,Punta Umbria,0,ES,1573863431,61,37.18,-6.97,48.0,1.99
455,Hay River,75,CA,1573863431,78,60.82,-115.79,12.2,12.75
456,Orotukan,100,RU,1573863431,97,62.26,151.67,-1.91,2.8
457,Deder,1,ET,1573863431,59,9.31,41.44,59.16,3.11
458,Saint Pete Beach,90,US,1573863431,82,27.73,-82.74,69.8,6.93
459,Ryotsu,75,JP,1573863431,93,38.08,138.43,51.8,8.05
460,Raahe,90,FI,1573863432,93,64.68,24.47,33.8,5.82
461,Sinnamary,15,GF,1573863407,77,5.38,-52.96,82.83,14.09
462,Lasa,20,CY,1573863404,77,34.92,32.53,68.0,3.36
463,El Campo,1,US,1573863432,54,29.2,-96.27,57.0,3.36
464,Whitehorse,75,CA,1573863432,93,60.72,-135.06,37.4,8.05
465,Daru,100,PG,1573863432,79,-9.07,143.21,83.08,7.11
466,Xining,34,CN,1573863433,43,36.62,101.77,27.3,4.03
467,Peniche,20,PT,1573863332,81,39.36,-9.38,50.0,3.36
468,Rome,75,IT,1573863429,82,41.89,12.48,62.6,9.17
469,Slawno,20,PL,1573863433,93,52.84,16.56,48.0,14.99
470,Ghanzi,58,BW,1573863433,12,-21.7,21.65,74.91,8.43
471,Chippewa Falls,1,US,1573863353,46,44.94,-91.39,30.99,4.7
472,Great Falls,90,US,1573863433,40,47.5,-111.29,55.4,12.75
473,Eydhafushi,78,MV,1573863434,79,5.1,73.07,80.71,9.66
474,Tromso,71,NO,1573863434,86,69.65,18.96,32.0,9.17
475,Lakes Entrance,15,AU,1573863434,42,-37.88,147.99,64.0,1.99
476,Gravdal,100,NO,1573863434,54,59.79,5.78,42.01,5.82
477,Salta,17,AR,1573863212,53,-24.79,-65.41,80.6,6.93
478,Hasaki,20,JP,1573863434,76,35.73,140.83,54.0,2.24
479,Salaberry-de-Valleyfield,40,CA,1573863434,63,45.26,-74.13,28.99,10.29
480,Sibiti,100,CG,1573863435,99,-3.69,13.35,70.02,2.08
481,Darhan,100,MN,1573863435,92,49.49,105.92,8.58,12.82
482,Campeche,40,MX,1573863435,78,19.84,-90.54,78.8,11.41
483,Alyangula,40,AU,1573863435,70,-13.85,136.42,84.2,5.82
484,Olinda,40,AU,1573863435,48,-37.84,145.39,61.0,12.75
485,Puro,100,PH,1573863435,84,13.13,123.76,79.65,4.99
486,Portree,67,GB,1573863281,90,57.41,-6.19,39.0,4.38
487,Galle,98,GN,1573863435,86,10.08,-12.83,72.91,0.87
488,Nyurba,82,RU,1573863436,93,63.29,118.35,-12.23,6.29
489,Grande Prairie,75,CA,1573863309,88,55.17,-118.79,41.0,16.11
490,Nakonde,95,ZM,1573863436,51,-9.33,32.75,67.69,2.68
491,Itambacuri,100,BR,1573863436,97,-18.04,-41.68,67.78,2.64
492,Gisborne,0,NZ,1573863140,37,-38.66,178.02,77.0,11.01
493,Amapa,75,HN,1573863436,95,15.09,-87.97,75.0,5.82
494,La Ronge,90,CA,1573863242,73,55.1,-105.3,23.0,12.75
495,Buraydah,75,SA,1573863437,93,26.33,43.97,62.6,2.24
496,Lamu,2,CN,1573863426,41,35.77,102.37,32.34,4.07
497,Nemuro,40,JP,1573863437,47,43.32,145.57,35.6,17.22
498,Zaranj,63,AF,1573863437,28,30.95,61.86,46.4,13.87
499,Zyryanka,99,RU,1573863437,98,65.73,150.89,-4.43,8.68
500,Inzer,100,RU,1573863437,97,54.22,57.56,23.58,3.09
501,Nellikkuppam,11,IN,1573863438,93,11.78,79.67,74.23,5.68
502,Oxford,75,US,1573863272,93,33.61,-85.83,48.2,1.9
503,Dali,76,CN,1573863438,39,34.79,109.94,50.61,11.95
504,Banda Aceh,54,ID,1573863297,91,5.56,95.32,74.12,4.09
505,Chokurdakh,89,RU,1573863438,97,70.62,147.9,-2.99,4.68
506,Devils Lake,90,US,1573863438,86,48.11,-98.87,30.2,14.99
507,Pereslavl-Zalesskiy,100,RU,1573863438,89,56.74,38.86,32.38,10.89
508,Chitrakonda,0,IN,1573863438,96,18.12,82.08,63.7,1.72
509,Yerbogachen,100,RU,1573863439,94,61.28,108.01,-20.34,3.04
510,La Tuque,35,CA,1573863439,71,47.44,-72.79,8.49,14.36
511,Alfeld,90,DE,1573863439,93,49.43,11.54,43.0,3.36
512,Vostok,97,RU,1573863439,78,46.45,135.83,3.11,19.73
513,Thoen,0,TH,1573863440,97,17.61,99.22,67.66,0.98
514,Kalmar,100,SE,1573863304,93,56.66,16.36,46.99,12.75
515,Lima,90,PE,1573863440,82,-12.06,-77.04,66.2,11.41
516,Geilo,100,NO,1573863440,86,60.53,8.21,24.01,4.07
517,Bam,0,IR,1573863440,27,29.11,58.36,41.5,2.46
518,Ghizela,34,RO,1573863440,93,45.82,21.74,55.0,8.05
519,Tazmalt,20,DZ,1573863147,93,36.39,4.4,46.4,12.75
520,Petropavlovsk-Kamchatskiy,3,RU,1573863440,92,53.05,158.65,23.0,2.24
521,Vestmanna,100,FO,1573863441,69,62.16,-7.17,37.4,12.75
522,Zhigansk,94,RU,1573863441,94,66.77,123.37,-6.39,18.1
523,Nazilli,0,TR,1573863441,65,37.91,28.32,51.64,5.95
524,Port Blair,40,IN,1573863246,100,11.67,92.75,75.2,1.12
525,Muriwai Beach,31,NZ,1573863441,64,-36.82,174.45,72.0,17.22
526,Teknaf,0,BD,1573863441,97,20.86,92.31,67.89,1.66
527,Nakasongola,2,UG,1573863442,85,1.32,32.46,66.47,2.84
528,Puerto Penasco,78,MX,1573863442,79,31.32,-113.53,73.0,1.99
529,Sechura,51,PE,1573863442,86,-5.56,-80.82,66.51,13.85
530,Vao,100,EE,1573863442,93,59.1,26.19,36.97,7.4
531,Chumikan,100,RU,1573863442,89,54.72,135.31,2.97,13.89
532,Sal Rei,75,CV,1573863443,69,16.18,-22.92,75.2,9.17
533,Los Llanos de Aridane,75,ES,1573863443,72,28.66,-17.92,64.4,14.99
534,Maryborough,4,AU,1573863443,33,-25.54,152.7,92.41,3.65
535,Rodez,90,FR,1573863443,100,44.35,2.57,39.99,9.17
536,Wanning,75,AT,1573863243,81,48.64,13.53,51.01,6.93
537,Hastings,22,NZ,1573863152,64,-39.64,176.84,65.07,5.97
538,Moose Factory,1,CA,1573863443,65,51.26,-80.61,8.6,17.22
539,Santiago del Estero,0,AR,1573863443,36,-27.8,-64.26,82.8,11.7
540,Anzio,75,IT,1573863444,82,41.45,12.63,62.6,9.17
541,Half Moon Bay,90,US,1573863399,82,37.46,-122.43,69.8,19.46
542,Arona,90,IT,1573863226,100,45.76,8.56,46.99,5.82
